{"AUC": 0.7385367608581895, "Accuracy": 0.8341528375332924, "confusion_matrix": {"_type": "image-file", "path": "media/images/confusion_matrix_0_6ae4e4ade74e48e92aec.png", "sha256": "6ae4e4ade74e48e92aecdbfc050f176f0e0e9191d24868d22e47491b3752d099", "size": 20343, "format": "png", "width": 700, "height": 400}, "_runtime": 8, "_timestamp": 1643570945, "_step": 0, "_wandb": {"runtime": 8}}